{
  "grid_norm_left": 0.2740286298568507,
  "grid_norm_top": 0.2822085889570552,
  "grid_norm_width": 0.4539877300613497,
  "grid_norm_height": 0.4376278118609407,
  "marble_scale": 1.4,
  "board_manual_norm": [
    0.2288888888888889,
    0.08933333333333333,
    0.5433333333333333,
    0.652
  ],
  "show_labels": false,
  "show_holes": false,
  "show_indices": false
}